[{"@type":"dssTask","id":"@1","name":"Sync_Task2_lkp_fil_expr","description":"using filter,lookup and expr","autoExpireObject":false,"successTaskEmail":{"@type":"taskEmail","id":2274113,"emails":"anu88tuty@gmail.com","emailType":"SUCCESS"},"maxLogs":10,"sourceConnectionId":"@0Pc54y85MFygAMP2GLsccC","targetConnectionId":"@2BKY0rl5eTZhKhrZB8ddmF","targetObject":"Contact","targetObjectLabel":"Contact","operation":"Insert","maxRows":0,"truncateTarget":false,"bulkApiDBTarget":false,"verbose":false,"srcFlatFileAttrs":{"@type":"flatFileAttrs","id":37904912,"delimiter":",","textQualifier":"\"","escapeChar":"","headerLineNo":1,"firstDataRow":2,"rowDelimiter":0,"consecutiveDelimiter":false,"multiDelimitersAsAnd":true,"firstDataRowAsHeader":false,"codePage":"","customRowDelimiter":"","headerAndDataDelimiter":0},"targetMetadataUpdated":false,"modelVersion":"V3-R600","queryAll":false,"srcSettings":{"@type":"taskDataSourceSetting","isShowLabels":false,"isNaturalOrder":true},"tgtSettings":{"@type":"taskDataSourceSetting","isShowLabels":true,"isNaturalOrder":true},"cfSettings":{"@type":"taskDataSourceSetting","isShowLabels":false,"isNaturalOrder":false},"bulkApi":false,"bulkApiSerialMode":false,"bulkApiMonitor":false,"isTargetObjectSfCustom":false,"allowNullUpdates":false,"targetBatchSize":200,"assignmentRuleId":"-1","assignmentRuleType":"None","createSuccessFile":true,"bulkApiHardDelete":false,"srcRuntimeAttrs":{"@type":"taskRuntimeAttrs","attrs":{}},"tgtRuntimeAttrs":{"@type":"taskRuntimeAttrs","attrs":{}},"parameterFileEncoding":"UTF-8","serverlessProperties":{},"frsGuid":"5YUbpnHl30Ef6wvTsHOiYV","sourceObjects":[{"@type":"mObject","name":"employee_contact.csv","label":"employee_contact.csv","metadataUpdated":false,"relations":[],"children":[]}],"advancedFilters":[{"@type":"advancedFilter","id":"210244","objectName":"employee_contact.csv","objectLabel":"employee_contact.csv","expression":"(Department!='Sales')"}],"filters":[],"fieldMaps":[{"@type":"fieldMap","id":"48476224","targetField":{"@type":"field","id":139643389,"name":"Id","type":"id","uniqueName":"Id","label":"Contact ID","parentObject":"Contact","pcType":"STRING","precision":18,"scale":0,"columnIndex":0,"isKey":true,"isWaterMarkKey":false,"isExternalId":false,"isSfIdLookup":true,"isNullable":false,"isUnique":false,"isCreateable":false,"isUpdateable":false,"isFilterable":true,"isCalculated":false,"filterType":"STRING","showLabel":true,"naturalOrder":0,"typeConfigFields":[],"typeConfigProperties":{},"linkedFields":["Emp_ID"],"relatedInfos":[],"references":[]},"expression":"Emp_ID"},{"@type":"fieldMap","id":"48476225","targetField":{"@type":"field","id":139643390,"name":"IsDeleted","type":"boolean","uniqueName":"IsDeleted","label":"Deleted","parentObject":"Contact","pcType":"INT","precision":10,"scale":0,"columnIndex":1,"isKey":false,"isWaterMarkKey":false,"isExternalId":false,"isSfIdLookup":false,"isNullable":false,"isUnique":false,"isCreateable":false,"isUpdateable":false,"isFilterable":true,"isCalculated":false,"filterType":"BOOLEAN","showLabel":true,"naturalOrder":1,"typeConfigFields":[],"typeConfigProperties":{},"linkedFields":[],"relatedInfos":[],"references":[]}},{"@type":"fieldMap","id":"48476226","targetField":{"@type":"field","id":139643391,"name":"MasterRecordId","type":"reference","uniqueName":"MasterRecordId","label":"Master Record ID","parentObject":"Contact","pcType":"STRING","precision":18,"scale":0,"columnIndex":2,"isKey":false,"isWaterMarkKey":false,"isExternalId":false,"isSfIdLookup":false,"isNullable":true,"isUnique":false,"isCreateable":false,"isUpdateable":false,"isFilterable":true,"isCalculated":false,"filterType":"STRING","showLabel":true,"naturalOrder":2,"typeConfigFields":[],"typeConfigProperties":{},"linkedFields":[],"relatedInfos":[{"@type":"fieldRelatedInfo","id":11563452,"referenceObject":"Contact","relationshipName":"MasterRecord","referenceField":{"@type":"field","id":-1,"precision":0,"scale":0,"columnIndex":-1,"isKey":false,"isWaterMarkKey":false,"isExternalId":false,"isSfIdLookup":false,"isNullable":true,"isUnique":false,"isCreateable":false,"isUpdateable":true,"isFilterable":true,"isCalculated":false,"showLabel":true,"naturalOrder":0,"typeConfigFields":[],"typeConfigProperties":{},"linkedFields":[],"relatedInfos":[],"references":[]}}],"references":[]}},{"@type":"fieldMap","id":"48476227","targetField":{"@type":"field","id":139643392,"name":"AccountId","type":"reference","uniqueName":"AccountId","label":"Account ID","parentObject":"Contact","pcType":"STRING","precision":18,"scale":0,"columnIndex":3,"isKey":false,"isWaterMarkKey":false,"isExternalId":false,"isSfIdLookup":false,"isNullable":true,"isUnique":false,"isCreateable":true,"isUpdateable":true,"isFilterable":true,"isCalculated":false,"filterType":"STRING","showLabel":true,"naturalOrder":3,"typeConfigFields":[],"typeConfigProperties":{},"linkedFields":["Outlet_Name"],"relatedInfos":[{"@type":"fieldRelatedInfo","id":11563453,"referenceObject":"Account","relationshipName":"Account","referenceField":{"@type":"field","id":-1,"precision":0,"scale":0,"columnIndex":-1,"isKey":false,"isWaterMarkKey":false,"isExternalId":false,"isSfIdLookup":false,"isNullable":true,"isUnique":false,"isCreateable":false,"isUpdateable":true,"isFilterable":true,"isCalculated":false,"showLabel":true,"naturalOrder":0,"typeConfigFields":[],"typeConfigProperties":{},"linkedFields":[],"relatedInfos":[],"references":[]}}],"references":[]},"lookup":{"@type":"lookup","id":"122933","connectionId":"@2BKY0rl5eTZhKhrZB8ddmF","object":"Account","objectLabel":"Account","outputField":{"@type":"field","id":139643393,"name":"Id","type":"id","uniqueName":"Id","label":"Account ID","parentObject":"Account","pcType":"STRING","precision":18,"scale":0,"columnIndex":0,"isKey":true,"isWaterMarkKey":false,"isExternalId":false,"isSfIdLookup":true,"isNullable":false,"isUnique":false,"isCreateable":false,"isUpdateable":false,"isFilterable":true,"isCalculated":false,"filterType":"STRING","showLabel":true,"naturalOrder":0,"typeConfigFields":[],"typeConfigProperties":{},"linkedFields":[],"relatedInfos":[],"references":[]},"multiplicityError":true,"settings":{"@type":"taskDataSourceSetting","isShowLabels":true,"isNaturalOrder":true},"objectRelations":[{"@type":"objectRelationExt","object1":"employee_contact.csv","object2":"Account","field1":{"@type":"field","id":139643394,"name":"Outlet_Name","type":"nstring","uniqueName":"Outlet_Name","label":"Outlet_Name","parentObject":"employee_contact.csv","pcType":"UNISTRING","precision":255,"scale":0,"columnIndex":5,"isKey":false,"isWaterMarkKey":false,"isExternalId":false,"isSfIdLookup":false,"isNullable":true,"isUnique":false,"isCreateable":false,"isUpdateable":true,"isFilterable":true,"isCalculated":false,"filterType":"STRING","showLabel":true,"naturalOrder":0,"typeConfigFields":[],"typeConfigProperties":{},"linkedFields":[],"relatedInfos":[],"references":[]},"field2":{"@type":"field","id":139643395,"name":"Name","type":"string","uniqueName":"Name","label":"Account Name","parentObject":"Account","pcType":"STRING","precision":255,"scale":0,"columnIndex":3,"isKey":false,"isWaterMarkKey":false,"isExternalId":false,"isSfIdLookup":false,"isNullable":false,"isUnique":false,"isCreateable":true,"isUpdateable":true,"isFilterable":true,"isCalculated":false,"filterType":"STRING","showLabel":true,"naturalOrder":3,"typeConfigFields":[],"typeConfigProperties":{},"linkedFields":[],"relatedInfos":[],"references":[]}}]}},{"@type":"fieldMap","id":"48476228","targetField":{"@type":"field","id":139643396,"name":"LastName","type":"string","uniqueName":"LastName","label":"Last Name","parentObject":"Contact","pcType":"STRING","precision":80,"scale":0,"columnIndex":4,"isKey":false,"isWaterMarkKey":false,"isExternalId":false,"isSfIdLookup":false,"isNullable":false,"isUnique":false,"isCreateable":true,"isUpdateable":true,"isFilterable":true,"isCalculated":false,"filterType":"STRING","showLabel":true,"naturalOrder":4,"typeConfigFields":[],"typeConfigProperties":{},"linkedFields":["FullName"],"relatedInfos":[],"references":[]},"expression":"IIF(INSTR(FullName,' ') > 0, \nSUBSTR(FullName,INSTR(FullName,' ') +1 ),' ') "},{"@type":"fieldMap","id":"48476229","targetField":{"@type":"field","id":139643397,"name":"FirstName","type":"string","uniqueName":"FirstName","label":"First Name","parentObject":"Contact","pcType":"STRING","precision":40,"scale":0,"columnIndex":5,"isKey":false,"isWaterMarkKey":false,"isExternalId":false,"isSfIdLookup":false,"isNullable":true,"isUnique":false,"isCreateable":true,"isUpdateable":true,"isFilterable":true,"isCalculated":false,"filterType":"STRING","showLabel":true,"naturalOrder":5,"typeConfigFields":[],"typeConfigProperties":{},"linkedFields":["FullName"],"relatedInfos":[],"references":[]},"expression":"IIF(INSTR(FullName,' ') > 0, SUBSTR(FullName,0,INSTR(FullName,' ')),FullName) "},{"@type":"fieldMap","id":"48476230","targetField":{"@type":"field","id":139643398,"name":"Salutation","type":"picklist","uniqueName":"Salutation","label":"Salutation","parentObject":"Contact","pcType":"STRING","precision":40,"scale":0,"columnIndex":6,"isKey":false,"isWaterMarkKey":false,"isExternalId":false,"isSfIdLookup":false,"isNullable":true,"isUnique":false,"isCreateable":true,"isUpdateable":true,"isFilterable":true,"isCalculated":false,"filterType":"STRING","showLabel":true,"naturalOrder":6,"typeConfigFields":[],"typeConfigProperties":{},"linkedFields":[],"relatedInfos":[],"references":[]}},{"@type":"fieldMap","id":"48476231","targetField":{"@type":"field","id":139643399,"name":"Name","type":"string","uniqueName":"Name","label":"Full Name","parentObject":"Contact","pcType":"STRING","precision":121,"scale":0,"columnIndex":7,"isKey":false,"isWaterMarkKey":false,"isExternalId":false,"isSfIdLookup":false,"isNullable":false,"isUnique":false,"isCreateable":false,"isUpdateable":false,"isFilterable":true,"isCalculated":false,"filterType":"STRING","showLabel":true,"naturalOrder":7,"typeConfigFields":[],"typeConfigProperties":{},"linkedFields":[],"relatedInfos":[],"references":[]}},{"@type":"fieldMap","id":"48476232","targetField":{"@type":"field","id":139643400,"name":"OtherStreet","type":"textarea","uniqueName":"OtherStreet","label":"Other Street","parentObject":"Contact","pcType":"STRING","precision":255,"scale":0,"columnIndex":8,"isKey":false,"isWaterMarkKey":false,"isExternalId":false,"isSfIdLookup":false,"isNullable":true,"isUnique":false,"isCreateable":true,"isUpdateable":true,"isFilterable":true,"isCalculated":false,"filterType":"STRING","showLabel":true,"naturalOrder":8,"typeConfigFields":[],"typeConfigProperties":{},"linkedFields":[],"relatedInfos":[],"references":[]}},{"@type":"fieldMap","id":"48476233","targetField":{"@type":"field","id":139643401,"name":"OtherCity","type":"string","uniqueName":"OtherCity","label":"Other City","parentObject":"Contact","pcType":"STRING","precision":40,"scale":0,"columnIndex":9,"isKey":false,"isWaterMarkKey":false,"isExternalId":false,"isSfIdLookup":false,"isNullable":true,"isUnique":false,"isCreateable":true,"isUpdateable":true,"isFilterable":true,"isCalculated":false,"filterType":"STRING","showLabel":true,"naturalOrder":9,"typeConfigFields":[],"typeConfigProperties":{},"linkedFields":[],"relatedInfos":[],"references":[]}},{"@type":"fieldMap","id":"48476234","targetField":{"@type":"field","id":139643402,"name":"OtherState","type":"string","uniqueName":"OtherState","label":"Other State/Province","parentObject":"Contact","pcType":"STRING","precision":80,"scale":0,"columnIndex":10,"isKey":false,"isWaterMarkKey":false,"isExternalId":false,"isSfIdLookup":false,"isNullable":true,"isUnique":false,"isCreateable":true,"isUpdateable":true,"isFilterable":true,"isCalculated":false,"filterType":"STRING","showLabel":true,"naturalOrder":10,"typeConfigFields":[],"typeConfigProperties":{},"linkedFields":[],"relatedInfos":[],"references":[]}},{"@type":"fieldMap","id":"48476235","targetField":{"@type":"field","id":139643403,"name":"OtherPostalCode","type":"string","uniqueName":"OtherPostalCode","label":"Other Zip/Postal Code","parentObject":"Contact","pcType":"STRING","precision":20,"scale":0,"columnIndex":11,"isKey":false,"isWaterMarkKey":false,"isExternalId":false,"isSfIdLookup":false,"isNullable":true,"isUnique":false,"isCreateable":true,"isUpdateable":true,"isFilterable":true,"isCalculated":false,"filterType":"STRING","showLabel":true,"naturalOrder":11,"typeConfigFields":[],"typeConfigProperties":{},"linkedFields":[],"relatedInfos":[],"references":[]}},{"@type":"fieldMap","id":"48476236","targetField":{"@type":"field","id":139643404,"name":"OtherCountry","type":"string","uniqueName":"OtherCountry","label":"Other Country","parentObject":"Contact","pcType":"STRING","precision":80,"scale":0,"columnIndex":12,"isKey":false,"isWaterMarkKey":false,"isExternalId":false,"isSfIdLookup":false,"isNullable":true,"isUnique":false,"isCreateable":true,"isUpdateable":true,"isFilterable":true,"isCalculated":false,"filterType":"STRING","showLabel":true,"naturalOrder":12,"typeConfigFields":[],"typeConfigProperties":{},"linkedFields":[],"relatedInfos":[],"references":[]}},{"@type":"fieldMap","id":"48476237","targetField":{"@type":"field","id":139643405,"name":"OtherStateCode","type":"picklist","uniqueName":"OtherStateCode","label":"Other State/Province Code","parentObject":"Contact","pcType":"STRING","precision":10,"scale":0,"columnIndex":13,"isKey":false,"isWaterMarkKey":false,"isExternalId":false,"isSfIdLookup":false,"isNullable":true,"isUnique":false,"isCreateable":true,"isUpdateable":true,"isFilterable":true,"isCalculated":false,"filterType":"STRING","showLabel":true,"naturalOrder":13,"typeConfigFields":[],"typeConfigProperties":{},"linkedFields":[],"relatedInfos":[],"references":[]}},{"@type":"fieldMap","id":"48476238","targetField":{"@type":"field","id":139643406,"name":"OtherCountryCode","type":"picklist","uniqueName":"OtherCountryCode","label":"Other Country Code","parentObject":"Contact","pcType":"STRING","precision":10,"scale":0,"columnIndex":14,"isKey":false,"isWaterMarkKey":false,"isExternalId":false,"isSfIdLookup":false,"isNullable":true,"isUnique":false,"isCreateable":true,"isUpdateable":true,"isFilterable":true,"isCalculated":false,"filterType":"STRING","showLabel":true,"naturalOrder":14,"typeConfigFields":[],"typeConfigProperties":{},"linkedFields":[],"relatedInfos":[],"references":[]}},{"@type":"fieldMap","id":"48476239","targetField":{"@type":"field","id":139643407,"name":"OtherLatitude","type":"double","uniqueName":"OtherLatitude","label":"Other Latitude","parentObject":"Contact","pcType":"HIPRECDECIMAL","precision":18,"scale":15,"columnIndex":15,"isKey":false,"isWaterMarkKey":false,"isExternalId":false,"isSfIdLookup":false,"isNullable":true,"isUnique":false,"isCreateable":true,"isUpdateable":true,"isFilterable":true,"isCalculated":false,"filterType":"DOUBLE","showLabel":true,"naturalOrder":15,"typeConfigFields":[],"typeConfigProperties":{},"linkedFields":[],"relatedInfos":[],"references":[]}},{"@type":"fieldMap","id":"48476240","targetField":{"@type":"field","id":139643408,"name":"OtherLongitude","type":"double","uniqueName":"OtherLongitude","label":"Other Longitude","parentObject":"Contact","pcType":"HIPRECDECIMAL","precision":18,"scale":15,"columnIndex":16,"isKey":false,"isWaterMarkKey":false,"isExternalId":false,"isSfIdLookup":false,"isNullable":true,"isUnique":false,"isCreateable":true,"isUpdateable":true,"isFilterable":true,"isCalculated":false,"filterType":"DOUBLE","showLabel":true,"naturalOrder":16,"typeConfigFields":[],"typeConfigProperties":{},"linkedFields":[],"relatedInfos":[],"references":[]}},{"@type":"fieldMap","id":"48476241","targetField":{"@type":"field","id":139643409,"name":"OtherGeocodeAccuracy","type":"picklist","uniqueName":"OtherGeocodeAccuracy","label":"Other Geocode Accuracy","parentObject":"Contact","pcType":"STRING","precision":40,"scale":0,"columnIndex":17,"isKey":false,"isWaterMarkKey":false,"isExternalId":false,"isSfIdLookup":false,"isNullable":true,"isUnique":false,"isCreateable":true,"isUpdateable":true,"isFilterable":true,"isCalculated":false,"filterType":"STRING","showLabel":true,"naturalOrder":17,"typeConfigFields":[],"typeConfigProperties":{},"linkedFields":[],"relatedInfos":[],"references":[]}},{"@type":"fieldMap","id":"48476242","targetField":{"@type":"field","id":139643410,"name":"MailingStreet","type":"textarea","uniqueName":"MailingStreet","label":"Mailing Street","parentObject":"Contact","pcType":"STRING","precision":255,"scale":0,"columnIndex":18,"isKey":false,"isWaterMarkKey":false,"isExternalId":false,"isSfIdLookup":false,"isNullable":true,"isUnique":false,"isCreateable":true,"isUpdateable":true,"isFilterable":true,"isCalculated":false,"filterType":"STRING","showLabel":true,"naturalOrder":18,"typeConfigFields":[],"typeConfigProperties":{},"linkedFields":[],"relatedInfos":[],"references":[]}},{"@type":"fieldMap","id":"48476243","targetField":{"@type":"field","id":139643411,"name":"MailingCity","type":"string","uniqueName":"MailingCity","label":"Mailing City","parentObject":"Contact","pcType":"STRING","precision":40,"scale":0,"columnIndex":19,"isKey":false,"isWaterMarkKey":false,"isExternalId":false,"isSfIdLookup":false,"isNullable":true,"isUnique":false,"isCreateable":true,"isUpdateable":true,"isFilterable":true,"isCalculated":false,"filterType":"STRING","showLabel":true,"naturalOrder":19,"typeConfigFields":[],"typeConfigProperties":{},"linkedFields":[],"relatedInfos":[],"references":[]}},{"@type":"fieldMap","id":"48476244","targetField":{"@type":"field","id":139643412,"name":"MailingState","type":"string","uniqueName":"MailingState","label":"Mailing State/Province","parentObject":"Contact","pcType":"STRING","precision":80,"scale":0,"columnIndex":20,"isKey":false,"isWaterMarkKey":false,"isExternalId":false,"isSfIdLookup":false,"isNullable":true,"isUnique":false,"isCreateable":true,"isUpdateable":true,"isFilterable":true,"isCalculated":false,"filterType":"STRING","showLabel":true,"naturalOrder":20,"typeConfigFields":[],"typeConfigProperties":{},"linkedFields":[],"relatedInfos":[],"references":[]}},{"@type":"fieldMap","id":"48476245","targetField":{"@type":"field","id":139643413,"name":"MailingPostalCode","type":"string","uniqueName":"MailingPostalCode","label":"Mailing Zip/Postal Code","parentObject":"Contact","pcType":"STRING","precision":20,"scale":0,"columnIndex":21,"isKey":false,"isWaterMarkKey":false,"isExternalId":false,"isSfIdLookup":false,"isNullable":true,"isUnique":false,"isCreateable":true,"isUpdateable":true,"isFilterable":true,"isCalculated":false,"filterType":"STRING","showLabel":true,"naturalOrder":21,"typeConfigFields":[],"typeConfigProperties":{},"linkedFields":[],"relatedInfos":[],"references":[]}},{"@type":"fieldMap","id":"48476246","targetField":{"@type":"field","id":139643414,"name":"MailingCountry","type":"string","uniqueName":"MailingCountry","label":"Mailing Country","parentObject":"Contact","pcType":"STRING","precision":80,"scale":0,"columnIndex":22,"isKey":false,"isWaterMarkKey":false,"isExternalId":false,"isSfIdLookup":false,"isNullable":true,"isUnique":false,"isCreateable":true,"isUpdateable":true,"isFilterable":true,"isCalculated":false,"filterType":"STRING","showLabel":true,"naturalOrder":22,"typeConfigFields":[],"typeConfigProperties":{},"linkedFields":[],"relatedInfos":[],"references":[]}},{"@type":"fieldMap","id":"48476247","targetField":{"@type":"field","id":139643415,"name":"MailingStateCode","type":"picklist","uniqueName":"MailingStateCode","label":"Mailing State/Province Code","parentObject":"Contact","pcType":"STRING","precision":10,"scale":0,"columnIndex":23,"isKey":false,"isWaterMarkKey":false,"isExternalId":false,"isSfIdLookup":false,"isNullable":true,"isUnique":false,"isCreateable":true,"isUpdateable":true,"isFilterable":true,"isCalculated":false,"filterType":"STRING","showLabel":true,"naturalOrder":23,"typeConfigFields":[],"typeConfigProperties":{},"linkedFields":[],"relatedInfos":[],"references":[]}},{"@type":"fieldMap","id":"48476248","targetField":{"@type":"field","id":139643416,"name":"MailingCountryCode","type":"picklist","uniqueName":"MailingCountryCode","label":"Mailing Country Code","parentObject":"Contact","pcType":"STRING","precision":10,"scale":0,"columnIndex":24,"isKey":false,"isWaterMarkKey":false,"isExternalId":false,"isSfIdLookup":false,"isNullable":true,"isUnique":false,"isCreateable":true,"isUpdateable":true,"isFilterable":true,"isCalculated":false,"filterType":"STRING","showLabel":true,"naturalOrder":24,"typeConfigFields":[],"typeConfigProperties":{},"linkedFields":[],"relatedInfos":[],"references":[]}},{"@type":"fieldMap","id":"48476249","targetField":{"@type":"field","id":139643417,"name":"MailingLatitude","type":"double","uniqueName":"MailingLatitude","label":"Mailing Latitude","parentObject":"Contact","pcType":"HIPRECDECIMAL","precision":18,"scale":15,"columnIndex":25,"isKey":false,"isWaterMarkKey":false,"isExternalId":false,"isSfIdLookup":false,"isNullable":true,"isUnique":false,"isCreateable":true,"isUpdateable":true,"isFilterable":true,"isCalculated":false,"filterType":"DOUBLE","showLabel":true,"naturalOrder":25,"typeConfigFields":[],"typeConfigProperties":{},"linkedFields":[],"relatedInfos":[],"references":[]}},{"@type":"fieldMap","id":"48476250","targetField":{"@type":"field","id":139643418,"name":"MailingLongitude","type":"double","uniqueName":"MailingLongitude","label":"Mailing Longitude","parentObject":"Contact","pcType":"HIPRECDECIMAL","precision":18,"scale":15,"columnIndex":26,"isKey":false,"isWaterMarkKey":false,"isExternalId":false,"isSfIdLookup":false,"isNullable":true,"isUnique":false,"isCreateable":true,"isUpdateable":true,"isFilterable":true,"isCalculated":false,"filterType":"DOUBLE","showLabel":true,"naturalOrder":26,"typeConfigFields":[],"typeConfigProperties":{},"linkedFields":[],"relatedInfos":[],"references":[]}},{"@type":"fieldMap","id":"48476251","targetField":{"@type":"field","id":139643419,"name":"MailingGeocodeAccuracy","type":"picklist","uniqueName":"MailingGeocodeAccuracy","label":"Mailing Geocode Accuracy","parentObject":"Contact","pcType":"STRING","precision":40,"scale":0,"columnIndex":27,"isKey":false,"isWaterMarkKey":false,"isExternalId":false,"isSfIdLookup":false,"isNullable":true,"isUnique":false,"isCreateable":true,"isUpdateable":true,"isFilterable":true,"isCalculated":false,"filterType":"STRING","showLabel":true,"naturalOrder":27,"typeConfigFields":[],"typeConfigProperties":{},"linkedFields":[],"relatedInfos":[],"references":[]}},{"@type":"fieldMap","id":"48476252","targetField":{"@type":"field","id":139643420,"name":"Phone","type":"phone","uniqueName":"Phone","label":"Business Phone","parentObject":"Contact","pcType":"STRING","precision":40,"scale":0,"columnIndex":28,"isKey":false,"isWaterMarkKey":false,"isExternalId":false,"isSfIdLookup":false,"isNullable":true,"isUnique":false,"isCreateable":true,"isUpdateable":true,"isFilterable":true,"isCalculated":false,"filterType":"STRING","showLabel":true,"naturalOrder":28,"typeConfigFields":[],"typeConfigProperties":{},"linkedFields":["Phone"],"relatedInfos":[],"references":[]},"expression":"Phone"},{"@type":"fieldMap","id":"48476253","targetField":{"@type":"field","id":139643421,"name":"Fax","type":"phone","uniqueName":"Fax","label":"Business Fax","parentObject":"Contact","pcType":"STRING","precision":40,"scale":0,"columnIndex":29,"isKey":false,"isWaterMarkKey":false,"isExternalId":false,"isSfIdLookup":false,"isNullable":true,"isUnique":false,"isCreateable":true,"isUpdateable":true,"isFilterable":true,"isCalculated":false,"filterType":"STRING","showLabel":true,"naturalOrder":29,"typeConfigFields":[],"typeConfigProperties":{},"linkedFields":[],"relatedInfos":[],"references":[]}},{"@type":"fieldMap","id":"48476254","targetField":{"@type":"field","id":139643422,"name":"MobilePhone","type":"phone","uniqueName":"MobilePhone","label":"Mobile Phone","parentObject":"Contact","pcType":"STRING","precision":40,"scale":0,"columnIndex":30,"isKey":false,"isWaterMarkKey":false,"isExternalId":false,"isSfIdLookup":false,"isNullable":true,"isUnique":false,"isCreateable":true,"isUpdateable":true,"isFilterable":true,"isCalculated":false,"filterType":"STRING","showLabel":true,"naturalOrder":30,"typeConfigFields":[],"typeConfigProperties":{},"linkedFields":[],"relatedInfos":[],"references":[]}},{"@type":"fieldMap","id":"48476255","targetField":{"@type":"field","id":139643423,"name":"HomePhone","type":"phone","uniqueName":"HomePhone","label":"Home Phone","parentObject":"Contact","pcType":"STRING","precision":40,"scale":0,"columnIndex":31,"isKey":false,"isWaterMarkKey":false,"isExternalId":false,"isSfIdLookup":false,"isNullable":true,"isUnique":false,"isCreateable":true,"isUpdateable":true,"isFilterable":true,"isCalculated":false,"filterType":"STRING","showLabel":true,"naturalOrder":31,"typeConfigFields":[],"typeConfigProperties":{},"linkedFields":[],"relatedInfos":[],"references":[]}},{"@type":"fieldMap","id":"48476256","targetField":{"@type":"field","id":139643424,"name":"OtherPhone","type":"phone","uniqueName":"OtherPhone","label":"Other Phone","parentObject":"Contact","pcType":"STRING","precision":40,"scale":0,"columnIndex":32,"isKey":false,"isWaterMarkKey":false,"isExternalId":false,"isSfIdLookup":false,"isNullable":true,"isUnique":false,"isCreateable":true,"isUpdateable":true,"isFilterable":true,"isCalculated":false,"filterType":"STRING","showLabel":true,"naturalOrder":32,"typeConfigFields":[],"typeConfigProperties":{},"linkedFields":[],"relatedInfos":[],"references":[]}},{"@type":"fieldMap","id":"48476257","targetField":{"@type":"field","id":139643425,"name":"AssistantPhone","type":"phone","uniqueName":"AssistantPhone","label":"Asst. Phone","parentObject":"Contact","pcType":"STRING","precision":40,"scale":0,"columnIndex":33,"isKey":false,"isWaterMarkKey":false,"isExternalId":false,"isSfIdLookup":false,"isNullable":true,"isUnique":false,"isCreateable":true,"isUpdateable":true,"isFilterable":true,"isCalculated":false,"filterType":"STRING","showLabel":true,"naturalOrder":33,"typeConfigFields":[],"typeConfigProperties":{},"linkedFields":[],"relatedInfos":[],"references":[]}},{"@type":"fieldMap","id":"48476258","targetField":{"@type":"field","id":139643426,"name":"ReportsToId","type":"reference","uniqueName":"ReportsToId","label":"Reports To ID","parentObject":"Contact","pcType":"STRING","precision":18,"scale":0,"columnIndex":34,"isKey":false,"isWaterMarkKey":false,"isExternalId":false,"isSfIdLookup":false,"isNullable":true,"isUnique":false,"isCreateable":true,"isUpdateable":true,"isFilterable":true,"isCalculated":false,"filterType":"STRING","showLabel":true,"naturalOrder":34,"typeConfigFields":[],"typeConfigProperties":{},"linkedFields":[],"relatedInfos":[{"@type":"fieldRelatedInfo","id":11563454,"referenceObject":"Contact","relationshipName":"ReportsTo","referenceField":{"@type":"field","id":-1,"precision":0,"scale":0,"columnIndex":-1,"isKey":false,"isWaterMarkKey":false,"isExternalId":false,"isSfIdLookup":false,"isNullable":true,"isUnique":false,"isCreateable":false,"isUpdateable":true,"isFilterable":true,"isCalculated":false,"showLabel":true,"naturalOrder":0,"typeConfigFields":[],"typeConfigProperties":{},"linkedFields":[],"relatedInfos":[],"references":[]}}],"references":[]}},{"@type":"fieldMap","id":"48476259","targetField":{"@type":"field","id":139643427,"name":"Email","type":"email","uniqueName":"Email","label":"Email","parentObject":"Contact","pcType":"STRING","precision":80,"scale":0,"columnIndex":35,"isKey":false,"isWaterMarkKey":false,"isExternalId":false,"isSfIdLookup":true,"isNullable":true,"isUnique":false,"isCreateable":true,"isUpdateable":true,"isFilterable":true,"isCalculated":false,"filterType":"STRING","showLabel":true,"naturalOrder":35,"typeConfigFields":[],"typeConfigProperties":{},"linkedFields":["Email"],"relatedInfos":[],"references":[]},"expression":"Email"},{"@type":"fieldMap","id":"48476260","targetField":{"@type":"field","id":139643428,"name":"Title","type":"string","uniqueName":"Title","label":"Title","parentObject":"Contact","pcType":"STRING","precision":128,"scale":0,"columnIndex":36,"isKey":false,"isWaterMarkKey":false,"isExternalId":false,"isSfIdLookup":false,"isNullable":true,"isUnique":false,"isCreateable":true,"isUpdateable":true,"isFilterable":true,"isCalculated":false,"filterType":"STRING","showLabel":true,"naturalOrder":36,"typeConfigFields":[],"typeConfigProperties":{},"linkedFields":[],"relatedInfos":[],"references":[]}},{"@type":"fieldMap","id":"48476261","targetField":{"@type":"field","id":139643429,"name":"Department","type":"string","uniqueName":"Department","label":"Department","parentObject":"Contact","pcType":"STRING","precision":80,"scale":0,"columnIndex":37,"isKey":false,"isWaterMarkKey":false,"isExternalId":false,"isSfIdLookup":false,"isNullable":true,"isUnique":false,"isCreateable":true,"isUpdateable":true,"isFilterable":true,"isCalculated":false,"filterType":"STRING","showLabel":true,"naturalOrder":37,"typeConfigFields":[],"typeConfigProperties":{},"linkedFields":["Department"],"relatedInfos":[],"references":[]},"expression":"Department"},{"@type":"fieldMap","id":"48476262","targetField":{"@type":"field","id":139643430,"name":"AssistantName","type":"string","uniqueName":"AssistantName","label":"Assistant's Name","parentObject":"Contact","pcType":"STRING","precision":40,"scale":0,"columnIndex":38,"isKey":false,"isWaterMarkKey":false,"isExternalId":false,"isSfIdLookup":false,"isNullable":true,"isUnique":false,"isCreateable":true,"isUpdateable":true,"isFilterable":true,"isCalculated":false,"filterType":"STRING","showLabel":true,"naturalOrder":38,"typeConfigFields":[],"typeConfigProperties":{},"linkedFields":[],"relatedInfos":[],"references":[]}},{"@type":"fieldMap","id":"48476263","targetField":{"@type":"field","id":139643431,"name":"LeadSource","type":"picklist","uniqueName":"LeadSource","label":"Lead Source","parentObject":"Contact","pcType":"STRING","precision":255,"scale":0,"columnIndex":39,"isKey":false,"isWaterMarkKey":false,"isExternalId":false,"isSfIdLookup":false,"isNullable":true,"isUnique":false,"isCreateable":true,"isUpdateable":true,"isFilterable":true,"isCalculated":false,"filterType":"STRING","showLabel":true,"naturalOrder":39,"typeConfigFields":[],"typeConfigProperties":{},"linkedFields":[],"relatedInfos":[],"references":[]}},{"@type":"fieldMap","id":"48476264","targetField":{"@type":"field","id":139643432,"name":"Birthdate","type":"date","uniqueName":"Birthdate","label":"Birthdate","parentObject":"Contact","pcType":"DATE","precision":10,"scale":0,"columnIndex":40,"isKey":false,"isWaterMarkKey":false,"isExternalId":false,"isSfIdLookup":false,"isNullable":true,"isUnique":false,"isCreateable":true,"isUpdateable":true,"isFilterable":true,"isCalculated":false,"filterType":"DATE","showLabel":true,"naturalOrder":40,"typeConfigFields":[],"typeConfigProperties":{},"linkedFields":[],"relatedInfos":[],"references":[]}},{"@type":"fieldMap","id":"48476265","targetField":{"@type":"field","id":139643433,"name":"Description","type":"textarea","uniqueName":"Description","label":"Contact Description","parentObject":"Contact","pcType":"STRING","precision":32000,"scale":0,"columnIndex":41,"isKey":false,"isWaterMarkKey":false,"isExternalId":false,"isSfIdLookup":false,"isNullable":true,"isUnique":false,"isCreateable":true,"isUpdateable":true,"isFilterable":false,"isCalculated":false,"filterType":"STRING","showLabel":true,"naturalOrder":41,"typeConfigFields":[],"typeConfigProperties":{},"linkedFields":[],"relatedInfos":[],"references":[]}},{"@type":"fieldMap","id":"48476266","targetField":{"@type":"field","id":139643434,"name":"OwnerId","type":"reference","uniqueName":"OwnerId","label":"Owner ID","parentObject":"Contact","pcType":"STRING","precision":18,"scale":0,"columnIndex":42,"isKey":false,"isWaterMarkKey":false,"isExternalId":false,"isSfIdLookup":false,"isNullable":false,"isUnique":false,"isCreateable":true,"isUpdateable":true,"isFilterable":true,"isCalculated":false,"filterType":"STRING","showLabel":true,"naturalOrder":42,"typeConfigFields":[],"typeConfigProperties":{},"linkedFields":[],"relatedInfos":[{"@type":"fieldRelatedInfo","id":11563455,"referenceObject":"User","relationshipName":"Owner","referenceField":{"@type":"field","id":-1,"precision":0,"scale":0,"columnIndex":-1,"isKey":false,"isWaterMarkKey":false,"isExternalId":false,"isSfIdLookup":false,"isNullable":true,"isUnique":false,"isCreateable":false,"isUpdateable":true,"isFilterable":true,"isCalculated":false,"showLabel":true,"naturalOrder":0,"typeConfigFields":[],"typeConfigProperties":{},"linkedFields":[],"relatedInfos":[],"references":[]}}],"references":[]}},{"@type":"fieldMap","id":"48476267","targetField":{"@type":"field","id":139643435,"name":"CreatedDate","type":"datetime","uniqueName":"CreatedDate","label":"Created Date","parentObject":"Contact","pcType":"DATE","precision":24,"scale":0,"columnIndex":43,"isKey":false,"isWaterMarkKey":false,"isExternalId":false,"isSfIdLookup":false,"isNullable":false,"isUnique":false,"isCreateable":false,"isUpdateable":false,"isFilterable":true,"isCalculated":false,"filterType":"DATETIME","showLabel":true,"naturalOrder":43,"typeConfigFields":[],"typeConfigProperties":{},"linkedFields":[],"relatedInfos":[],"references":[]}},{"@type":"fieldMap","id":"48476268","targetField":{"@type":"field","id":139643436,"name":"CreatedById","type":"reference","uniqueName":"CreatedById","label":"Created By ID","parentObject":"Contact","pcType":"STRING","precision":18,"scale":0,"columnIndex":44,"isKey":false,"isWaterMarkKey":false,"isExternalId":false,"isSfIdLookup":false,"isNullable":false,"isUnique":false,"isCreateable":false,"isUpdateable":false,"isFilterable":true,"isCalculated":false,"filterType":"STRING","showLabel":true,"naturalOrder":44,"typeConfigFields":[],"typeConfigProperties":{},"linkedFields":[],"relatedInfos":[{"@type":"fieldRelatedInfo","id":11563456,"referenceObject":"User","relationshipName":"CreatedBy","referenceField":{"@type":"field","id":-1,"precision":0,"scale":0,"columnIndex":-1,"isKey":false,"isWaterMarkKey":false,"isExternalId":false,"isSfIdLookup":false,"isNullable":true,"isUnique":false,"isCreateable":false,"isUpdateable":true,"isFilterable":true,"isCalculated":false,"showLabel":true,"naturalOrder":0,"typeConfigFields":[],"typeConfigProperties":{},"linkedFields":[],"relatedInfos":[],"references":[]}}],"references":[]}},{"@type":"fieldMap","id":"48476269","targetField":{"@type":"field","id":139643437,"name":"LastModifiedDate","type":"datetime","uniqueName":"LastModifiedDate","label":"Last Modified Date","parentObject":"Contact","pcType":"DATE","precision":24,"scale":0,"columnIndex":45,"isKey":false,"isWaterMarkKey":false,"isExternalId":false,"isSfIdLookup":false,"isNullable":false,"isUnique":false,"isCreateable":false,"isUpdateable":false,"isFilterable":true,"isCalculated":false,"filterType":"DATETIME","showLabel":true,"naturalOrder":45,"typeConfigFields":[],"typeConfigProperties":{},"linkedFields":[],"relatedInfos":[],"references":[]}},{"@type":"fieldMap","id":"48476270","targetField":{"@type":"field","id":139643438,"name":"LastModifiedById","type":"reference","uniqueName":"LastModifiedById","label":"Last Modified By ID","parentObject":"Contact","pcType":"STRING","precision":18,"scale":0,"columnIndex":46,"isKey":false,"isWaterMarkKey":false,"isExternalId":false,"isSfIdLookup":false,"isNullable":false,"isUnique":false,"isCreateable":false,"isUpdateable":false,"isFilterable":true,"isCalculated":false,"filterType":"STRING","showLabel":true,"naturalOrder":46,"typeConfigFields":[],"typeConfigProperties":{},"linkedFields":[],"relatedInfos":[{"@type":"fieldRelatedInfo","id":11563457,"referenceObject":"User","relationshipName":"LastModifiedBy","referenceField":{"@type":"field","id":-1,"precision":0,"scale":0,"columnIndex":-1,"isKey":false,"isWaterMarkKey":false,"isExternalId":false,"isSfIdLookup":false,"isNullable":true,"isUnique":false,"isCreateable":false,"isUpdateable":true,"isFilterable":true,"isCalculated":false,"showLabel":true,"naturalOrder":0,"typeConfigFields":[],"typeConfigProperties":{},"linkedFields":[],"relatedInfos":[],"references":[]}}],"references":[]}},{"@type":"fieldMap","id":"48476271","targetField":{"@type":"field","id":139643439,"name":"SystemModstamp","type":"datetime","uniqueName":"SystemModstamp","label":"System Modstamp","parentObject":"Contact","pcType":"DATE","precision":24,"scale":0,"columnIndex":47,"isKey":false,"isWaterMarkKey":false,"isExternalId":false,"isSfIdLookup":false,"isNullable":false,"isUnique":false,"isCreateable":false,"isUpdateable":false,"isFilterable":true,"isCalculated":false,"filterType":"DATETIME","showLabel":true,"naturalOrder":47,"typeConfigFields":[],"typeConfigProperties":{},"linkedFields":[],"relatedInfos":[],"references":[]}},{"@type":"fieldMap","id":"48476272","targetField":{"@type":"field","id":139643440,"name":"LastActivityDate","type":"date","uniqueName":"LastActivityDate","label":"Last Activity","parentObject":"Contact","pcType":"DATE","precision":10,"scale":0,"columnIndex":48,"isKey":false,"isWaterMarkKey":false,"isExternalId":false,"isSfIdLookup":false,"isNullable":true,"isUnique":false,"isCreateable":false,"isUpdateable":false,"isFilterable":true,"isCalculated":false,"filterType":"DATE","showLabel":true,"naturalOrder":48,"typeConfigFields":[],"typeConfigProperties":{},"linkedFields":[],"relatedInfos":[],"references":[]}},{"@type":"fieldMap","id":"48476273","targetField":{"@type":"field","id":139643441,"name":"LastCURequestDate","type":"datetime","uniqueName":"LastCURequestDate","label":"Last Stay-in-Touch Request Date","parentObject":"Contact","pcType":"DATE","precision":24,"scale":0,"columnIndex":49,"isKey":false,"isWaterMarkKey":false,"isExternalId":false,"isSfIdLookup":false,"isNullable":true,"isUnique":false,"isCreateable":false,"isUpdateable":false,"isFilterable":true,"isCalculated":false,"filterType":"DATETIME","showLabel":true,"naturalOrder":49,"typeConfigFields":[],"typeConfigProperties":{},"linkedFields":[],"relatedInfos":[],"references":[]}},{"@type":"fieldMap","id":"48476274","targetField":{"@type":"field","id":139643442,"name":"LastCUUpdateDate","type":"datetime","uniqueName":"LastCUUpdateDate","label":"Last Stay-in-Touch Save Date","parentObject":"Contact","pcType":"DATE","precision":24,"scale":0,"columnIndex":50,"isKey":false,"isWaterMarkKey":false,"isExternalId":false,"isSfIdLookup":false,"isNullable":true,"isUnique":false,"isCreateable":false,"isUpdateable":false,"isFilterable":true,"isCalculated":false,"filterType":"DATETIME","showLabel":true,"naturalOrder":50,"typeConfigFields":[],"typeConfigProperties":{},"linkedFields":[],"relatedInfos":[],"references":[]}},{"@type":"fieldMap","id":"48476275","targetField":{"@type":"field","id":139643443,"name":"LastViewedDate","type":"datetime","uniqueName":"LastViewedDate","label":"Last Viewed Date","parentObject":"Contact","pcType":"DATE","precision":24,"scale":0,"columnIndex":51,"isKey":false,"isWaterMarkKey":false,"isExternalId":false,"isSfIdLookup":false,"isNullable":true,"isUnique":false,"isCreateable":false,"isUpdateable":false,"isFilterable":true,"isCalculated":false,"filterType":"DATETIME","showLabel":true,"naturalOrder":51,"typeConfigFields":[],"typeConfigProperties":{},"linkedFields":[],"relatedInfos":[],"references":[]}},{"@type":"fieldMap","id":"48476276","targetField":{"@type":"field","id":139643444,"name":"LastReferencedDate","type":"datetime","uniqueName":"LastReferencedDate","label":"Last Referenced Date","parentObject":"Contact","pcType":"DATE","precision":24,"scale":0,"columnIndex":52,"isKey":false,"isWaterMarkKey":false,"isExternalId":false,"isSfIdLookup":false,"isNullable":true,"isUnique":false,"isCreateable":false,"isUpdateable":false,"isFilterable":true,"isCalculated":false,"filterType":"DATETIME","showLabel":true,"naturalOrder":52,"typeConfigFields":[],"typeConfigProperties":{},"linkedFields":[],"relatedInfos":[],"references":[]}},{"@type":"fieldMap","id":"48476277","targetField":{"@type":"field","id":139643445,"name":"EmailBouncedReason","type":"string","uniqueName":"EmailBouncedReason","label":"Email Bounced Reason","parentObject":"Contact","pcType":"STRING","precision":255,"scale":0,"columnIndex":53,"isKey":false,"isWaterMarkKey":false,"isExternalId":false,"isSfIdLookup":false,"isNullable":true,"isUnique":false,"isCreateable":true,"isUpdateable":true,"isFilterable":true,"isCalculated":false,"filterType":"STRING","showLabel":true,"naturalOrder":53,"typeConfigFields":[],"typeConfigProperties":{},"linkedFields":[],"relatedInfos":[],"references":[]}},{"@type":"fieldMap","id":"48476278","targetField":{"@type":"field","id":139643446,"name":"EmailBouncedDate","type":"datetime","uniqueName":"EmailBouncedDate","label":"Email Bounced Date","parentObject":"Contact","pcType":"DATE","precision":24,"scale":0,"columnIndex":54,"isKey":false,"isWaterMarkKey":false,"isExternalId":false,"isSfIdLookup":false,"isNullable":true,"isUnique":false,"isCreateable":true,"isUpdateable":true,"isFilterable":true,"isCalculated":false,"filterType":"DATETIME","showLabel":true,"naturalOrder":54,"typeConfigFields":[],"typeConfigProperties":{},"linkedFields":[],"relatedInfos":[],"references":[]}},{"@type":"fieldMap","id":"48476279","targetField":{"@type":"field","id":139643447,"name":"IsEmailBounced","type":"boolean","uniqueName":"IsEmailBounced","label":"Is Email Bounced","parentObject":"Contact","pcType":"INT","precision":10,"scale":0,"columnIndex":55,"isKey":false,"isWaterMarkKey":false,"isExternalId":false,"isSfIdLookup":false,"isNullable":false,"isUnique":false,"isCreateable":false,"isUpdateable":false,"isFilterable":true,"isCalculated":false,"filterType":"BOOLEAN","showLabel":true,"naturalOrder":55,"typeConfigFields":[],"typeConfigProperties":{},"linkedFields":[],"relatedInfos":[],"references":[]}},{"@type":"fieldMap","id":"48476280","targetField":{"@type":"field","id":139643448,"name":"PhotoUrl","type":"url","uniqueName":"PhotoUrl","label":"Photo URL","parentObject":"Contact","pcType":"STRING","precision":255,"scale":0,"columnIndex":56,"isKey":false,"isWaterMarkKey":false,"isExternalId":false,"isSfIdLookup":false,"isNullable":true,"isUnique":false,"isCreateable":false,"isUpdateable":false,"isFilterable":true,"isCalculated":false,"filterType":"STRING","showLabel":true,"naturalOrder":56,"typeConfigFields":[],"typeConfigProperties":{},"linkedFields":[],"relatedInfos":[],"references":[]}},{"@type":"fieldMap","id":"48476281","targetField":{"@type":"field","id":139643449,"name":"Jigsaw","type":"string","uniqueName":"Jigsaw","label":"Data.com Key","parentObject":"Contact","pcType":"STRING","precision":20,"scale":0,"columnIndex":57,"isKey":false,"isWaterMarkKey":false,"isExternalId":false,"isSfIdLookup":false,"isNullable":true,"isUnique":false,"isCreateable":true,"isUpdateable":true,"isFilterable":true,"isCalculated":false,"filterType":"STRING","showLabel":true,"naturalOrder":57,"typeConfigFields":[],"typeConfigProperties":{},"linkedFields":[],"relatedInfos":[],"references":[]}},{"@type":"fieldMap","id":"48476282","targetField":{"@type":"field","id":139643450,"name":"JigsawContactId","type":"string","uniqueName":"JigsawContactId","label":"Jigsaw Contact ID","parentObject":"Contact","pcType":"STRING","precision":20,"scale":0,"columnIndex":58,"isKey":false,"isWaterMarkKey":false,"isExternalId":false,"isSfIdLookup":false,"isNullable":true,"isUnique":false,"isCreateable":false,"isUpdateable":false,"isFilterable":true,"isCalculated":false,"filterType":"STRING","showLabel":true,"naturalOrder":58,"typeConfigFields":[],"typeConfigProperties":{},"linkedFields":[],"relatedInfos":[],"references":[]}},{"@type":"fieldMap","id":"48476283","targetField":{"@type":"field","id":139643451,"name":"CleanStatus","type":"picklist","uniqueName":"CleanStatus","label":"Clean Status","parentObject":"Contact","pcType":"STRING","precision":40,"scale":0,"columnIndex":59,"isKey":false,"isWaterMarkKey":false,"isExternalId":false,"isSfIdLookup":false,"isNullable":true,"isUnique":false,"isCreateable":true,"isUpdateable":true,"isFilterable":true,"isCalculated":false,"filterType":"STRING","showLabel":true,"naturalOrder":59,"typeConfigFields":[],"typeConfigProperties":{},"linkedFields":[],"relatedInfos":[],"references":[]}},{"@type":"fieldMap","id":"48476284","targetField":{"@type":"field","id":139643452,"name":"IndividualId","type":"reference","uniqueName":"IndividualId","label":"Individual ID","parentObject":"Contact","pcType":"STRING","precision":18,"scale":0,"columnIndex":60,"isKey":false,"isWaterMarkKey":false,"isExternalId":false,"isSfIdLookup":false,"isNullable":true,"isUnique":false,"isCreateable":true,"isUpdateable":true,"isFilterable":true,"isCalculated":false,"filterType":"STRING","showLabel":true,"naturalOrder":60,"typeConfigFields":[],"typeConfigProperties":{},"linkedFields":[],"relatedInfos":[{"@type":"fieldRelatedInfo","id":11563458,"referenceObject":"Individual","relationshipName":"Individual","referenceField":{"@type":"field","id":-1,"precision":0,"scale":0,"columnIndex":-1,"isKey":false,"isWaterMarkKey":false,"isExternalId":false,"isSfIdLookup":false,"isNullable":true,"isUnique":false,"isCreateable":false,"isUpdateable":true,"isFilterable":true,"isCalculated":false,"showLabel":true,"naturalOrder":0,"typeConfigFields":[],"typeConfigProperties":{},"linkedFields":[],"relatedInfos":[],"references":[]}}],"references":[]}},{"@type":"fieldMap","id":"48476285","targetField":{"@type":"field","id":139643453,"name":"IsPriorityRecord","type":"boolean","uniqueName":"IsPriorityRecord","label":"Important","parentObject":"Contact","pcType":"INT","precision":10,"scale":0,"columnIndex":61,"isKey":false,"isWaterMarkKey":false,"isExternalId":false,"isSfIdLookup":false,"isNullable":false,"isUnique":false,"isCreateable":false,"isUpdateable":false,"isFilterable":false,"isCalculated":false,"filterType":"BOOLEAN","showLabel":true,"naturalOrder":61,"typeConfigFields":[],"typeConfigProperties":{},"linkedFields":[],"relatedInfos":[],"references":[]}},{"@type":"fieldMap","id":"48476286","targetField":{"@type":"field","id":139643454,"name":"ContactSource","type":"picklist","uniqueName":"ContactSource","label":"Creation Source","parentObject":"Contact","pcType":"STRING","precision":40,"scale":0,"columnIndex":62,"isKey":false,"isWaterMarkKey":false,"isExternalId":false,"isSfIdLookup":false,"isNullable":true,"isUnique":false,"isCreateable":true,"isUpdateable":true,"isFilterable":true,"isCalculated":false,"filterType":"STRING","showLabel":true,"naturalOrder":62,"typeConfigFields":[],"typeConfigProperties":{},"linkedFields":[],"relatedInfos":[],"references":[]}},{"@type":"fieldMap","id":"48476287","targetField":{"@type":"field","id":139643455,"name":"Level__c","type":"picklist","uniqueName":"Level__c","label":"Level","parentObject":"Contact","pcType":"STRING","precision":255,"scale":0,"columnIndex":63,"isKey":false,"isWaterMarkKey":false,"isExternalId":false,"isSfIdLookup":false,"isNullable":true,"isUnique":false,"isCreateable":true,"isUpdateable":true,"isFilterable":true,"isCalculated":false,"filterType":"STRING","showLabel":true,"naturalOrder":63,"typeConfigFields":[],"typeConfigProperties":{},"linkedFields":[],"relatedInfos":[],"references":[]}},{"@type":"fieldMap","id":"48476288","targetField":{"@type":"field","id":139643456,"name":"Languages__c","type":"string","uniqueName":"Languages__c","label":"Languages","parentObject":"Contact","pcType":"STRING","precision":100,"scale":0,"columnIndex":64,"isKey":false,"isWaterMarkKey":false,"isExternalId":false,"isSfIdLookup":false,"isNullable":true,"isUnique":false,"isCreateable":true,"isUpdateable":true,"isFilterable":true,"isCalculated":false,"filterType":"STRING","showLabel":true,"naturalOrder":64,"typeConfigFields":[],"typeConfigProperties":{},"linkedFields":[],"relatedInfos":[],"references":[]}}],"sourceFields":[{"@type":"field","id":139643471,"name":"Emp_ID","type":"nstring","uniqueName":"Emp_ID","label":"Emp_ID","parentObject":"employee_contact.csv","pcType":"UNISTRING","precision":18,"scale":0,"columnIndex":0,"isKey":false,"isWaterMarkKey":false,"isExternalId":false,"isSfIdLookup":false,"isNullable":true,"isUnique":false,"isCreateable":false,"isUpdateable":true,"isFilterable":true,"isCalculated":false,"filterType":"STRING","showLabel":false,"naturalOrder":0,"typeConfigFields":[],"typeConfigProperties":{},"linkedFields":["Id"],"relatedInfos":[],"references":[]},{"@type":"field","id":139643472,"name":"FullName","type":"nstring","uniqueName":"FullName","label":"FullName","parentObject":"employee_contact.csv","pcType":"UNISTRING","precision":255,"scale":0,"columnIndex":1,"isKey":false,"isWaterMarkKey":false,"isExternalId":false,"isSfIdLookup":false,"isNullable":true,"isUnique":false,"isCreateable":false,"isUpdateable":true,"isFilterable":true,"isCalculated":false,"filterType":"STRING","showLabel":false,"naturalOrder":0,"typeConfigFields":[],"typeConfigProperties":{},"linkedFields":["LastName","FirstName"],"relatedInfos":[],"references":[]},{"@type":"field","id":139643473,"name":"Email","type":"nstring","uniqueName":"Email","label":"Email","parentObject":"employee_contact.csv","pcType":"UNISTRING","precision":80,"scale":0,"columnIndex":2,"isKey":false,"isWaterMarkKey":false,"isExternalId":false,"isSfIdLookup":false,"isNullable":true,"isUnique":false,"isCreateable":false,"isUpdateable":true,"isFilterable":true,"isCalculated":false,"filterType":"STRING","showLabel":false,"naturalOrder":0,"typeConfigFields":[],"typeConfigProperties":{},"linkedFields":["Email"],"relatedInfos":[],"references":[]},{"@type":"field","id":139643474,"name":"Department","type":"nstring","uniqueName":"Department","label":"Department","parentObject":"employee_contact.csv","pcType":"UNISTRING","precision":80,"scale":0,"columnIndex":3,"isKey":false,"isWaterMarkKey":false,"isExternalId":false,"isSfIdLookup":false,"isNullable":true,"isUnique":false,"isCreateable":false,"isUpdateable":true,"isFilterable":true,"isCalculated":false,"filterType":"STRING","showLabel":false,"naturalOrder":0,"typeConfigFields":[],"typeConfigProperties":{},"linkedFields":["Department"],"relatedInfos":[],"references":[]},{"@type":"field","id":139643475,"name":"Phone","type":"nstring","uniqueName":"Phone","label":"Phone","parentObject":"employee_contact.csv","pcType":"UNISTRING","precision":40,"scale":0,"columnIndex":4,"isKey":false,"isWaterMarkKey":false,"isExternalId":false,"isSfIdLookup":false,"isNullable":true,"isUnique":false,"isCreateable":false,"isUpdateable":true,"isFilterable":true,"isCalculated":false,"filterType":"STRING","showLabel":false,"naturalOrder":0,"typeConfigFields":[],"typeConfigProperties":{},"linkedFields":["Phone"],"relatedInfos":[],"references":[]},{"@type":"field","id":139643476,"name":"Outlet_Name","type":"nstring","uniqueName":"Outlet_Name","label":"Outlet_Name","parentObject":"employee_contact.csv","pcType":"UNISTRING","precision":255,"scale":0,"columnIndex":5,"isKey":false,"isWaterMarkKey":false,"isExternalId":false,"isSfIdLookup":false,"isNullable":true,"isUnique":false,"isCreateable":false,"isUpdateable":true,"isFilterable":true,"isCalculated":false,"filterType":"STRING","showLabel":false,"naturalOrder":0,"typeConfigFields":[],"typeConfigProperties":{},"linkedFields":["AccountId"],"relatedInfos":[],"references":[]}],"sortFields":[],"groupFields":[]}]