{
  "name" : "job-1766393353326",
  "sourceOrgId" : "4vmLfbLoOYtltin2wCPTsv",
  "sourceOrgName" : "Self",
  "exportedObjects" : [ {
    "objectGuid" : "0Pc54y85MFygAMP2GLsccC",
    "objectName" : "FF_SRC",
    "objectType" : "Connection",
    "path" : "/SYS",
    "providerName" : null,
    "metadata" : {
      "modelVersion" : {
        "major" : 0,
        "minor" : 0
      },
      "repoInfo" : {
        "repoHandle" : "01DJAR0B000000000002"
      },
      "objectRefs" : [ "6hqlvrX7qwUc03VqZmDIIe" ],
      "contextAttributes" : [ {
        "name" : "id",
        "value" : "@1"
      } ],
      "additionalInfo" : {
        "description" : "",
        "contentType" : "JSON",
        "documentState" : "COMPLETE"
      }
    }
  }, {
    "objectGuid" : "8pwuTXI2vyudpW0A0toiqO",
    "objectName" : "Self_Study_IICS",
    "objectType" : "Project",
    "path" : "/Explore",
    "providerName" : null,
    "metadata" : {
      "modelVersion" : {
        "major" : 0,
        "minor" : 0
      },
      "repoInfo" : null,
      "objectRefs" : [ ],
      "contextAttributes" : [ ],
      "additionalInfo" : {
        "description" : "My mappings for learning IICS",
        "contentType" : "Binary",
        "documentState" : "COMPLETE"
      }
    }
  }, {
    "objectGuid" : "5YUbpnHl30Ef6wvTsHOiYV",
    "objectName" : "Sync_Task2_lkp_fil_expr",
    "objectType" : "DSS",
    "path" : "/Explore/Self_Study_IICS",
    "providerName" : null,
    "metadata" : {
      "modelVersion" : {
        "major" : 0,
        "minor" : 0
      },
      "repoInfo" : {
        "repoHandle" : "01DJAR0I000000000003"
      },
      "objectRefs" : [ "0Pc54y85MFygAMP2GLsccC", "2BKY0rl5eTZhKhrZB8ddmF" ],
      "contextAttributes" : [ {
        "name" : "id",
        "value" : "@1"
      } ],
      "additionalInfo" : {
        "description" : "using filter,lookup and expr",
        "contentType" : "JSON",
        "documentState" : "VALID"
      }
    }
  }, {
    "objectGuid" : "ht2iSYBWnGBlSD3iNKqZ6k",
    "objectName" : "Sync_Task1_ff_sales",
    "objectType" : "DSS",
    "path" : "/Explore/Self_Study_IICS",
    "providerName" : null,
    "metadata" : {
      "modelVersion" : {
        "major" : 0,
        "minor" : 0
      },
      "repoInfo" : {
        "repoHandle" : "01DJAR0I000000000002"
      },
      "objectRefs" : [ "0Pc54y85MFygAMP2GLsccC", "2BKY0rl5eTZhKhrZB8ddmF" ],
      "contextAttributes" : [ {
        "name" : "id",
        "value" : "@1"
      } ],
      "additionalInfo" : {
        "description" : "",
        "contentType" : "JSON",
        "documentState" : "VALID"
      }
    }
  }, {
    "objectGuid" : "2BKY0rl5eTZhKhrZB8ddmF",
    "objectName" : "SALES_CON",
    "objectType" : "Connection",
    "path" : "/SYS",
    "providerName" : null,
    "metadata" : {
      "modelVersion" : {
        "major" : 0,
        "minor" : 0
      },
      "repoInfo" : {
        "repoHandle" : "01DJAR0B000000000005"
      },
      "objectRefs" : [ "6hqlvrX7qwUc03VqZmDIIe" ],
      "contextAttributes" : [ {
        "name" : "id",
        "value" : "@1"
      } ],
      "additionalInfo" : {
        "description" : "",
        "contentType" : "JSON",
        "documentState" : "COMPLETE"
      }
    }
  }, {
    "objectGuid" : "6hqlvrX7qwUc03VqZmDIIe",
    "objectName" : "Saran",
    "objectType" : "AgentGroup",
    "path" : "/SYS",
    "providerName" : null,
    "metadata" : {
      "modelVersion" : {
        "major" : 0,
        "minor" : 0
      },
      "repoInfo" : {
        "repoHandle" : "01DJAR2500000000001G"
      },
      "objectRefs" : [ ],
      "contextAttributes" : [ {
        "name" : "id",
        "value" : "@1"
      } ],
      "additionalInfo" : {
        "description" : null,
        "contentType" : "JSON",
        "documentState" : "VALID"
      }
    }
  } ]
}